customer_id,name,segment,plan,currency,mrr,start_date,as_of
sc-cus-0001,Sparse Customer 001 (synthetic),SMB,Starter,USD,110.00,,2026-09-30
sc-cus-0002,Sparse Customer 002 (synthetic),SMB,Starter,USD,120.00,,2026-09-30
sc-cus-0003,Sparse Customer 003 (synthetic),SMB,Starter,USD,130.00,,2026-09-30
sc-cus-0004,Sparse Customer 004 (synthetic),SMB,Starter,USD,140.00,,2026-09-30
sc-cus-0005,Sparse Customer 005 (synthetic),,Starter,USD,150.00,,2026-09-30
sc-cus-0006,Sparse Customer 006 (synthetic),SMB,Starter,USD,160.00,,2026-09-30
sc-cus-0007,Northwind Supply (synthetic),SMB,Starter,USD,,,2026-09-30
sc-cus-0008,Northwind Supply (synthetic),SMB,Starter,USD,180.00,,2026-09-30
sc-cus-0009,Sparse Customer 009 (synthetic),SMB,Starter,USD,190.00,,2026-09-30
sc-cus-0010,Sparse Customer 010 (synthetic),,Starter,USD,200.00,,2026-09-30
sc-cus-0011,Sparse Customer 011 (synthetic),SMB,Starter,USD,210.00,,2024-12-31
sc-cus-0012,Sparse Customer 012 (synthetic),SMB,Starter,USD,220.00,,2026-09-30
sc-cus-0013,Sparse Customer 013 (synthetic),SMB,Starter,USD,230.00,,2026-09-30
sc-cus-0014,Sparse Customer 014 (synthetic),SMB,Starter,USD,,,2026-09-30
sc-cus-0015,Sparse Customer 015 (synthetic),,Starter,USD,250.00,,2026-09-30
sc-cus-0016,Sparse Customer 016 (synthetic),SMB,Starter,USD,260.00,,2026-09-30
sc-cus-0017,Sparse Customer 017 (synthetic),SMB,Starter,USD,270.00,,2026-09-30
sc-cus-0018,Sparse Customer 018 (synthetic),SMB,Starter,USD,280.00,,2026-09-30
sc-cus-0019,Sparse Customer 019 (synthetic),SMB,Starter,USD,290.00,,2026-09-30
sc-cus-0020,Sparse Customer 020 (synthetic),,Starter,USD,300.00,,2026-09-30
,Orphan row without id (synthetic),SMB,Starter,USD,120.00,,2026-09-30
sc-cus-0021,Sparse Customer 021 (synthetic),SMB,Starter,USD,,,2026-09-30
sc-cus-0022,Sparse Customer 022 (synthetic),SMB,Starter,USD,320.00,,2024-12-31
sc-cus-0023,Sparse Customer 023 (synthetic),SMB,Starter,USD,330.00,,2026-09-30
sc-cus-0024,Sparse Customer 024 (synthetic),SMB,Starter,USD,340.00,,2026-09-30
sc-cus-0025,Sparse Customer 025 (synthetic),,Starter,USD,350.00,,2026-09-30
sc-cus-0026,Sparse Customer 026 (synthetic),SMB,Starter,USD,360.00,,2026-09-30
sc-cus-0027,Sparse Customer 027 (synthetic),SMB,Starter,USD,370.00,,2026-09-30
sc-cus-0028,Sparse Customer 028 (synthetic),SMB,Starter,USD,,,2026-09-30
sc-cus-0029,Sparse Customer 029 (synthetic),SMB,Starter,USD,390.00,,2026-09-30
sc-cus-0010,Duplicate id row (synthetic),SMB,Starter,USD,999.00,,2026-09-30
sc-cus-0030,Sparse Customer 030 (synthetic),,Starter,USD,400.00,,2026-09-30
sc-cus-0031,Sparse Customer 031 (synthetic),SMB,Starter,USD,410.00,,2026-09-30
sc-cus-0032,Sparse Customer 032 (synthetic),SMB,Starter,USD,420.00,,2026-09-30
sc-cus-0033,Sparse Customer 033 (synthetic),SMB,Starter,USD,430.00,,2024-12-31
sc-cus-0034,Sparse Customer 034 (synthetic),SMB,Starter,USD,440.00,,2026-09-30
sc-cus-0035,Sparse Customer 035 (synthetic),,Starter,USD,,,2026-09-30
sc-cus-0036,Sparse Customer 036 (synthetic),SMB,Starter,USD,460.00,,2026-09-30
sc-cus-0037,Sparse Customer 037 (synthetic),SMB,Starter,USD,470.00,,2026-09-30
sc-cus-0038,Sparse Customer 038 (synthetic),SMB,Starter,USD,480.00,,2026-09-30
sc-cus-0099,Bad date row (synthetic),SMB,Starter,USD,140.00,,last-quarter
sc-cus-0039,Sparse Customer 039 (synthetic),SMB,Starter,USD,490.00,,2026-09-30
sc-cus-0040,Sparse Customer 040 (synthetic),,Starter,USD,500.00,,2026-09-30
sc-cus-0041,Sparse Customer 041 (synthetic),SMB,Starter,USD,510.00,,2026-09-30
sc-cus-0042,Sparse Customer 042 (synthetic),SMB,Starter,USD,,,2026-09-30
sc-cus-0043,Sparse Customer 043 (synthetic),SMB,Starter,USD,530.00,,2026-09-30
sc-cus-0044,Sparse Customer 044 (synthetic),SMB,Starter,USD,540.00,,2024-12-31
sc-cus-0045,Sparse Customer 045 (synthetic),,Starter,USD,550.00,,2026-09-30
sc-cus-0046,Sparse Customer 046 (synthetic),SMB,Starter,USD,560.00,,2026-09-30
sc-cus-0047,Sparse Customer 047 (synthetic),SMB,Starter,USD,570.00,,2026-09-30
sc-cus-0048,Sparse Customer 048 (synthetic),SMB,Starter,USD,580.00,,2026-09-30
sc-cus-0049,Sparse Customer 049 (synthetic),SMB,Starter,USD,,,2026-09-30
sc-cus-0050,Sparse Customer 050 (synthetic),,Starter,USD,600.00,,2026-09-30
sc-cus-0051,Sparse Customer 051 (synthetic),SMB,Starter,USD,610.00,,2026-09-30
sc-cus-0052,Sparse Customer 052 (synthetic),SMB,Starter,USD,620.00,,2026-09-30
sc-cus-0053,Sparse Customer 053 (synthetic),SMB,Starter,USD,630.00,,2026-09-30
sc-cus-0054,Sparse Customer 054 (synthetic),SMB,Starter,USD,640.00,,2026-09-30
sc-cus-0055,Sparse Customer 055 (synthetic),,Starter,USD,650.00,,2024-12-31
sc-cus-0056,Sparse Customer 056 (synthetic),SMB,Starter,USD,,,2026-09-30
sc-cus-0057,Sparse Customer 057 (synthetic),SMB,Starter,USD,670.00,,2026-09-30
sc-cus-0058,Sparse Customer 058 (synthetic),SMB,Starter,USD,680.00,,2026-09-30
sc-cus-0059,Sparse Customer 059 (synthetic),SMB,Starter,USD,690.00,,2026-09-30
sc-cus-0060,Sparse Customer 060 (synthetic),,Starter,USD,700.00,,2026-09-30
